channel_name,channel_url,video_id,url,raw_duration,duration_sec,live_broadcast_content,included,excluded_reason
target_channel,https://www.youtube.com/@example,mtcsCEBxGkU,https://www.youtube.com/watch?v=mtcsCEBxGkU,PT2M28S,148,none,False,short_like_duration
target_channel,https://www.youtube.com/@example,y5m3cklDIKc,https://www.youtube.com/watch?v=y5m3cklDIKc,PT2M8S,128,none,False,short_like_duration
target_channel,https://www.youtube.com/@example,8-wu31agU4U,https://www.youtube.com/watch?v=8-wu31agU4U,PT47S,47,none,False,short_like_duration
target_channel,https://www.youtube.com/@example,L7O_Wh6iJY8,https://www.youtube.com/watch?v=L7O_Wh6iJY8,PT3M14S,194,none,True,
target_channel,https://www.youtube.com/@example,O7QCCMj9lDI,https://www.youtube.com/watch?v=O7QCCMj9lDI,PT3M47S,227,none,True,
target_channel,https://www.youtube.com/@example,UOfo2EbRWUk,https://www.youtube.com/watch?v=UOfo2EbRWUk,PT2M44S,164,none,False,short_like_duration
target_channel,https://www.youtube.com/@example,3jsHPvjxR7A,https://www.youtube.com/watch?v=3jsHPvjxR7A,PT3M9S,189,none,True,
target_channel,https://www.youtube.com/@example,gLjTETGdvE4,https://www.youtube.com/watch?v=gLjTETGdvE4,PT16S,16,none,False,short_like_duration
target_channel,https://www.youtube.com/@example,6vwiJkW-ni0,https://www.youtube.com/watch?v=6vwiJkW-ni0,PT16S,16,none,False,short_like_duration
target_channel,https://www.youtube.com/@example,rhfpq2N0A6c,https://www.youtube.com/watch?v=rhfpq2N0A6c,PT3M31S,211,none,True,
target_channel,https://www.youtube.com/@example,nSPRCelgTqE,https://www.youtube.com/watch?v=nSPRCelgTqE,PT14S,14,none,False,short_like_duration
target_channel,https://www.youtube.com/@example,FZRJdkJwr1c,https://www.youtube.com/watch?v=FZRJdkJwr1c,PT13M31S,811,none,True,
target_channel,https://www.youtube.com/@example,WseFeEVS3r8,https://www.youtube.com/watch?v=WseFeEVS3r8,PT4M22S,262,none,True,
target_channel,https://www.youtube.com/@example,XY9gDhpiB4c,https://www.youtube.com/watch?v=XY9gDhpiB4c,PT16S,16,none,False,short_like_duration
target_channel,https://www.youtube.com/@example,XY7TDNVvHqs,https://www.youtube.com/watch?v=XY7TDNVvHqs,PT46S,46,none,False,short_like_duration
target_channel,https://www.youtube.com/@example,qNZNUlqFyGA,https://www.youtube.com/watch?v=qNZNUlqFyGA,PT2M48S,168,none,False,short_like_duration
target_channel,https://www.youtube.com/@example,UpjeGB101cA,https://www.youtube.com/watch?v=UpjeGB101cA,PT3M54S,234,none,True,
target_channel,https://www.youtube.com/@example,lmQT4sQq1bk,https://www.youtube.com/watch?v=lmQT4sQq1bk,PT1M1S,61,none,False,short_like_duration
target_channel,https://www.youtube.com/@example,F0ifyokz9Bc,https://www.youtube.com/watch?v=F0ifyokz9Bc,PT4M44S,284,none,True,
target_channel,https://www.youtube.com/@example,POcRuC20obg,https://www.youtube.com/watch?v=POcRuC20obg,PT3M9S,189,none,True,
target_channel,https://www.youtube.com/@example,h32FxBqmu_U,https://www.youtube.com/watch?v=h32FxBqmu_U,PT4M20S,260,none,True,
target_channel,https://www.youtube.com/@example,9nhg2Y84rmY,https://www.youtube.com/watch?v=9nhg2Y84rmY,PT4M33S,273,none,True,
target_channel,https://www.youtube.com/@example,Pb0aUSmF8CA,https://www.youtube.com/watch?v=Pb0aUSmF8CA,PT2M47S,167,none,False,short_like_duration
target_channel,https://www.youtube.com/@example,UEp-IuCFN0U,https://www.youtube.com/watch?v=UEp-IuCFN0U,PT1M,60,none,False,short_like_duration
target_channel,https://www.youtube.com/@example,Ccdt6drhQS8,https://www.youtube.com/watch?v=Ccdt6drhQS8,PT2M1S,121,none,False,short_like_duration
target_channel,https://www.youtube.com/@example,0fBYjFXtIR0,https://www.youtube.com/watch?v=0fBYjFXtIR0,PT3M37S,217,none,True,
target_channel,https://www.youtube.com/@example,rovebZbUUo4,https://www.youtube.com/watch?v=rovebZbUUo4,PT3M20S,200,none,True,
target_channel,https://www.youtube.com/@example,lJr18xU96b4,https://www.youtube.com/watch?v=lJr18xU96b4,PT3M53S,233,none,True,
target_channel,https://www.youtube.com/@example,Hqv1oVcES3c,https://www.youtube.com/watch?v=Hqv1oVcES3c,PT2M42S,162,none,False,short_like_duration
target_channel,https://www.youtube.com/@example,baz6UHWygv0,https://www.youtube.com/watch?v=baz6UHWygv0,PT3M8S,188,none,True,
target_channel,https://www.youtube.com/@example,OK0LYtiGtHA,https://www.youtube.com/watch?v=OK0LYtiGtHA,PT3M18S,198,none,True,
target_channel,https://www.youtube.com/@example,m0_kIkodrds,https://www.youtube.com/watch?v=m0_kIkodrds,PT3M2S,182,none,True,
target_channel,https://www.youtube.com/@example,_G1soKzXJUo,https://www.youtube.com/watch?v=_G1soKzXJUo,PT2M46S,166,none,False,short_like_duration
target_channel,https://www.youtube.com/@example,hbAukTboPMY,https://www.youtube.com/watch?v=hbAukTboPMY,PT3M45S,225,none,True,
target_channel,https://www.youtube.com/@example,zz-uaZvpSP8,https://www.youtube.com/watch?v=zz-uaZvpSP8,PT3M35S,215,none,True,
target_channel,https://www.youtube.com/@example,m-VmfEWqmQw,https://www.youtube.com/watch?v=m-VmfEWqmQw,PT55S,55,none,False,short_like_duration
target_channel,https://www.youtube.com/@example,q6iRJLSkVp0,https://www.youtube.com/watch?v=q6iRJLSkVp0,PT3M53S,233,none,True,
target_channel,https://www.youtube.com/@example,M2viFm8f_Lo,https://www.youtube.com/watch?v=M2viFm8f_Lo,PT4M16S,256,none,True,
target_channel,https://www.youtube.com/@example,GkNzl4sClk8,https://www.youtube.com/watch?v=GkNzl4sClk8,PT3M12S,192,none,True,
target_channel,https://www.youtube.com/@example,I58a1xtmzbg,https://www.youtube.com/watch?v=I58a1xtmzbg,PT5M8S,308,none,True,
target_channel,https://www.youtube.com/@example,TNV2PvCOLWE,https://www.youtube.com/watch?v=TNV2PvCOLWE,PT4M50S,290,none,True,
target_channel,https://www.youtube.com/@example,5UbOf2JQLKg,https://www.youtube.com/watch?v=5UbOf2JQLKg,PT3M31S,211,none,True,
target_channel,https://www.youtube.com/@example,QbZu6nL3IeE,https://www.youtube.com/watch?v=QbZu6nL3IeE,PT3M43S,223,none,True,
target_channel,https://www.youtube.com/@example,dwkp1bBRkv4,https://www.youtube.com/watch?v=dwkp1bBRkv4,PT3M1S,181,none,True,
target_channel,https://www.youtube.com/@example,8bzL9nmBOX4,https://www.youtube.com/watch?v=8bzL9nmBOX4,PT3M28S,208,none,True,
target_channel,https://www.youtube.com/@example,WSveMxhG_oA,https://www.youtube.com/watch?v=WSveMxhG_oA,PT3M13S,193,none,True,
target_channel,https://www.youtube.com/@example,nm_mFyYMIWo,https://www.youtube.com/watch?v=nm_mFyYMIWo,PT3M54S,234,none,True,
target_channel,https://www.youtube.com/@example,jLTcHyuKAb0,https://www.youtube.com/watch?v=jLTcHyuKAb0,PT4M5S,245,none,True,
target_channel,https://www.youtube.com/@example,SDXBNL1Mi5A,https://www.youtube.com/watch?v=SDXBNL1Mi5A,PT3M22S,202,none,True,
target_channel,https://www.youtube.com/@example,xOu2nXFQoV8,https://www.youtube.com/watch?v=xOu2nXFQoV8,PT2M57S,177,none,False,short_like_duration
target_channel,https://www.youtube.com/@example,e2rzBR5rI1o,https://www.youtube.com/watch?v=e2rzBR5rI1o,PT2M51S,171,none,False,short_like_duration
target_channel,https://www.youtube.com/@example,aNQMzh6zs3k,https://www.youtube.com/watch?v=aNQMzh6zs3k,PT3M1S,181,none,True,
target_channel,https://www.youtube.com/@example,vYUu5NS9dMY,https://www.youtube.com/watch?v=vYUu5NS9dMY,PT1M31S,91,none,False,short_like_duration
target_channel,https://www.youtube.com/@example,fL_k_87mkhM,https://www.youtube.com/watch?v=fL_k_87mkhM,PT3M10S,190,none,True,
target_channel,https://www.youtube.com/@example,jVkShZDH-xQ,https://www.youtube.com/watch?v=jVkShZDH-xQ,PT2M42S,162,none,False,short_like_duration
target_channel,https://www.youtube.com/@example,Xt-iPaT6FXQ,https://www.youtube.com/watch?v=Xt-iPaT6FXQ,PT3M38S,218,none,True,
target_channel,https://www.youtube.com/@example,T5QVc2BvJrU,https://www.youtube.com/watch?v=T5QVc2BvJrU,P0D,,upcoming,True,
target_channel,https://www.youtube.com/@example,pAzgpHPQKCg,https://www.youtube.com/watch?v=pAzgpHPQKCg,PT3M1S,181,none,True,
target_channel,https://www.youtube.com/@example,uSms6LG7Shs,https://www.youtube.com/watch?v=uSms6LG7Shs,PT3M,180,none,False,short_like_duration
target_channel,https://www.youtube.com/@example,CQceqbA7kFI,https://www.youtube.com/watch?v=CQceqbA7kFI,PT3M24S,204,none,True,
target_channel,https://www.youtube.com/@example,e5-z3X_dM4Q,https://www.youtube.com/watch?v=e5-z3X_dM4Q,PT4M23S,263,none,True,
target_channel,https://www.youtube.com/@example,EZlI1i65q_4,https://www.youtube.com/watch?v=EZlI1i65q_4,PT3M13S,193,none,True,
target_channel,https://www.youtube.com/@example,nwtjaPuDgik,https://www.youtube.com/watch?v=nwtjaPuDgik,PT4M23S,263,none,True,
target_channel,https://www.youtube.com/@example,6XLgme4V_jg,https://www.youtube.com/watch?v=6XLgme4V_jg,PT3M43S,223,none,True,
target_channel,https://www.youtube.com/@example,9yDwB9WF6Kw,https://www.youtube.com/watch?v=9yDwB9WF6Kw,PT5M5S,305,none,True,
target_channel,https://www.youtube.com/@example,V81ysm3QZAg,https://www.youtube.com/watch?v=V81ysm3QZAg,PT4M44S,284,none,True,
target_channel,https://www.youtube.com/@example,Zb2jDesstUw,https://www.youtube.com/watch?v=Zb2jDesstUw,PT3M45S,225,none,True,
target_channel,https://www.youtube.com/@example,_rsS5g5AXs0,https://www.youtube.com/watch?v=_rsS5g5AXs0,PT5M12S,312,none,True,
target_channel,https://www.youtube.com/@example,ncMrqaTx6YY,https://www.youtube.com/watch?v=ncMrqaTx6YY,PT3M43S,223,none,True,
target_channel,https://www.youtube.com/@example,2vpijJu5Qzs,https://www.youtube.com/watch?v=2vpijJu5Qzs,PT3M13S,193,none,True,
target_channel,https://www.youtube.com/@example,CqyP2FnNBA8,https://www.youtube.com/watch?v=CqyP2FnNBA8,PT1M13S,73,none,False,short_like_duration
target_channel,https://www.youtube.com/@example,E-bYftKKIQA,https://www.youtube.com/watch?v=E-bYftKKIQA,PT4M35S,275,none,True,
target_channel,https://www.youtube.com/@example,Qo1D875UXZg,https://www.youtube.com/watch?v=Qo1D875UXZg,PT4M31S,271,none,True,
target_channel,https://www.youtube.com/@example,MlaH-Fnx5Us,https://www.youtube.com/watch?v=MlaH-Fnx5Us,PT3M8S,188,none,True,
target_channel,https://www.youtube.com/@example,A02Aq2caORw,https://www.youtube.com/watch?v=A02Aq2caORw,PT4M8S,248,none,True,
target_channel,https://www.youtube.com/@example,Pe3R9hXQE4Y,https://www.youtube.com/watch?v=Pe3R9hXQE4Y,PT37S,37,none,False,short_like_duration
target_channel,https://www.youtube.com/@example,Reo0PEtLvP4,https://www.youtube.com/watch?v=Reo0PEtLvP4,PT3M27S,207,none,True,
target_channel,https://www.youtube.com/@example,6pzGdIvd4Zw,https://www.youtube.com/watch?v=6pzGdIvd4Zw,PT3M1S,181,none,True,
target_channel,https://www.youtube.com/@example,3AJM2iXTl38,https://www.youtube.com/watch?v=3AJM2iXTl38,PT1M21S,81,none,False,short_like_duration
target_channel,https://www.youtube.com/@example,iliFIM9fFOY,https://www.youtube.com/watch?v=iliFIM9fFOY,PT1M16S,76,none,False,short_like_duration
target_channel,https://www.youtube.com/@example,zk73HqcZWCo,https://www.youtube.com/watch?v=zk73HqcZWCo,PT4M1S,241,none,True,
target_channel,https://www.youtube.com/@example,h4pZFv_E0bE,https://www.youtube.com/watch?v=h4pZFv_E0bE,PT3M32S,212,none,True,
target_channel,https://www.youtube.com/@example,0wyoKWgy3SE,https://www.youtube.com/watch?v=0wyoKWgy3SE,PT3M43S,223,none,True,
target_channel,https://www.youtube.com/@example,XTp8p3iNFtc,https://www.youtube.com/watch?v=XTp8p3iNFtc,PT1M31S,91,none,False,short_like_duration
target_channel,https://www.youtube.com/@example,_EEWIWmwauQ,https://www.youtube.com/watch?v=_EEWIWmwauQ,PT3M11S,191,none,True,
target_channel,https://www.youtube.com/@example,0487DprVlqo,https://www.youtube.com/watch?v=0487DprVlqo,PT4M47S,287,none,True,
target_channel,https://www.youtube.com/@example,jluab6Qok0k,https://www.youtube.com/watch?v=jluab6Qok0k,PT5M11S,311,none,True,
target_channel,https://www.youtube.com/@example,Zhj6WSHehWA,https://www.youtube.com/watch?v=Zhj6WSHehWA,PT5M7S,307,none,True,
target_channel,https://www.youtube.com/@example,pzSQUZKuhsw,https://www.youtube.com/watch?v=pzSQUZKuhsw,PT5M2S,302,none,True,
target_channel,https://www.youtube.com/@example,nZJs4ZEP850,https://www.youtube.com/watch?v=nZJs4ZEP850,PT3M31S,211,none,True,
target_channel,https://www.youtube.com/@example,4QM2jD5tFC0,https://www.youtube.com/watch?v=4QM2jD5tFC0,PT4M12S,252,none,True,
target_channel,https://www.youtube.com/@example,gLkwMO0Qegg,https://www.youtube.com/watch?v=gLkwMO0Qegg,PT4M19S,259,none,True,
target_channel,https://www.youtube.com/@example,UUoNJaBH6a8,https://www.youtube.com/watch?v=UUoNJaBH6a8,PT1M54S,114,none,False,short_like_duration
target_channel,https://www.youtube.com/@example,WZXB8Xic4Jw,https://www.youtube.com/watch?v=WZXB8Xic4Jw,PT2M9S,129,none,False,short_like_duration
target_channel,https://www.youtube.com/@example,j_2kVtUCj-E,https://www.youtube.com/watch?v=j_2kVtUCj-E,PT3M25S,205,none,True,
target_channel,https://www.youtube.com/@example,fC91aOJzByU,https://www.youtube.com/watch?v=fC91aOJzByU,PT2M26S,146,none,False,short_like_duration
target_channel,https://www.youtube.com/@example,5A53vue89q0,https://www.youtube.com/watch?v=5A53vue89q0,PT5M23S,323,none,True,
target_channel,https://www.youtube.com/@example,KnGp_tgdZsM,https://www.youtube.com/watch?v=KnGp_tgdZsM,PT5M7S,307,none,True,
target_channel,https://www.youtube.com/@example,PqypvhXD2-Y,https://www.youtube.com/watch?v=PqypvhXD2-Y,PT3M27S,207,none,True,
target_channel,https://www.youtube.com/@example,iOENeWz5f7o,https://www.youtube.com/watch?v=iOENeWz5f7o,PT5M33S,333,none,True,
target_channel,https://www.youtube.com/@example,Y9XuoZZWi3g,https://www.youtube.com/watch?v=Y9XuoZZWi3g,PT3M32S,212,none,True,
target_channel,https://www.youtube.com/@example,5kgYaSwmw6I,https://www.youtube.com/watch?v=5kgYaSwmw6I,PT14S,14,none,False,short_like_duration
target_channel,https://www.youtube.com/@example,3arK08SrX5w,https://www.youtube.com/watch?v=3arK08SrX5w,PT15S,15,none,False,short_like_duration
target_channel,https://www.youtube.com/@example,tMwQ56-e4x8,https://www.youtube.com/watch?v=tMwQ56-e4x8,PT16S,16,none,False,short_like_duration
target_channel,https://www.youtube.com/@example,dp69s7BeLls,https://www.youtube.com/watch?v=dp69s7BeLls,PT16S,16,none,False,short_like_duration
target_channel,https://www.youtube.com/@example,d-HRyaTvE0A,https://www.youtube.com/watch?v=d-HRyaTvE0A,PT15S,15,none,False,short_like_duration
target_channel,https://www.youtube.com/@example,sm2V6vpNMfk,https://www.youtube.com/watch?v=sm2V6vpNMfk,PT15S,15,none,False,short_like_duration
target_channel,https://www.youtube.com/@example,wMgnh0IjhjY,https://www.youtube.com/watch?v=wMgnh0IjhjY,PT15S,15,none,False,short_like_duration
target_channel,https://www.youtube.com/@example,taOxW1W2fSA,https://www.youtube.com/watch?v=taOxW1W2fSA,PT16S,16,none,False,short_like_duration
target_channel,https://www.youtube.com/@example,nw336nvus_M,https://www.youtube.com/watch?v=nw336nvus_M,PT26M24S,1584,none,True,
target_channel,https://www.youtube.com/@example,OsmhhLjK8k4,https://www.youtube.com/watch?v=OsmhhLjK8k4,PT3M59S,239,none,True,
target_channel,https://www.youtube.com/@example,Vz3pdjd8So8,https://www.youtube.com/watch?v=Vz3pdjd8So8,PT4M24S,264,none,True,
target_channel,https://www.youtube.com/@example,OZuuDqqhhoQ,https://www.youtube.com/watch?v=OZuuDqqhhoQ,PT4M20S,260,none,True,
target_channel,https://www.youtube.com/@example,Gc2qmOnhKEU,https://www.youtube.com/watch?v=Gc2qmOnhKEU,PT4M31S,271,none,True,
target_channel,https://www.youtube.com/@example,IJj8B2Bwk_c,https://www.youtube.com/watch?v=IJj8B2Bwk_c,PT4M35S,275,none,True,
target_channel,https://www.youtube.com/@example,t8KkrztYkbw,https://www.youtube.com/watch?v=t8KkrztYkbw,PT4M4S,244,none,True,
target_channel,https://www.youtube.com/@example,qBBrHsrecN4,https://www.youtube.com/watch?v=qBBrHsrecN4,PT4M50S,290,none,True,
target_channel,https://www.youtube.com/@example,3jFJxanNIk8,https://www.youtube.com/watch?v=3jFJxanNIk8,PT4M23S,263,none,True,
target_channel,https://www.youtube.com/@example,R1vOHqwpbec,https://www.youtube.com/watch?v=R1vOHqwpbec,PT4M40S,280,none,True,
target_channel,https://www.youtube.com/@example,EiNXtIh2cR4,https://www.youtube.com/watch?v=EiNXtIh2cR4,PT3M58S,238,none,True,
target_channel,https://www.youtube.com/@example,MrS7E-4wnXY,https://www.youtube.com/watch?v=MrS7E-4wnXY,PT5M51S,351,none,True,
target_channel,https://www.youtube.com/@example,RbNo_ue9ALY,https://www.youtube.com/watch?v=RbNo_ue9ALY,PT4M14S,254,none,True,
target_channel,https://www.youtube.com/@example,C8viHpAl1yQ,https://www.youtube.com/watch?v=C8viHpAl1yQ,PT3M13S,193,none,True,
target_channel,https://www.youtube.com/@example,q1pl4dSw4iU,https://www.youtube.com/watch?v=q1pl4dSw4iU,PT3M38S,218,none,True,
target_channel,https://www.youtube.com/@example,HmVTK-4Mawk,https://www.youtube.com/watch?v=HmVTK-4Mawk,PT3M28S,208,none,True,
target_channel,https://www.youtube.com/@example,LI7hmsQXKh8,https://www.youtube.com/watch?v=LI7hmsQXKh8,PT6M34S,394,none,True,
target_channel,https://www.youtube.com/@example,idGjmZkJB_Q,https://www.youtube.com/watch?v=idGjmZkJB_Q,PT4M14S,254,none,True,
target_channel,https://www.youtube.com/@example,MOlGOrBuBeA,https://www.youtube.com/watch?v=MOlGOrBuBeA,PT16M3S,963,none,True,
target_channel,https://www.youtube.com/@example,qMsmdQ2oTN4,https://www.youtube.com/watch?v=qMsmdQ2oTN4,PT3M55S,235,none,True,
target_channel,https://www.youtube.com/@example,Xbnfrkqo68g,https://www.youtube.com/watch?v=Xbnfrkqo68g,PT4M7S,247,none,True,
target_channel,https://www.youtube.com/@example,JkAqlePnKRM,https://www.youtube.com/watch?v=JkAqlePnKRM,PT4M7S,247,none,True,
target_channel,https://www.youtube.com/@example,Wc6dZL3TgJs,https://www.youtube.com/watch?v=Wc6dZL3TgJs,PT3M48S,228,none,True,
target_channel,https://www.youtube.com/@example,Fl80eAcPFeU,https://www.youtube.com/watch?v=Fl80eAcPFeU,PT4M40S,280,none,True,
target_channel,https://www.youtube.com/@example,HdoP2UmnEBM,https://www.youtube.com/watch?v=HdoP2UmnEBM,PT3M46S,226,none,True,
target_channel,https://www.youtube.com/@example,byur8pWXbFQ,https://www.youtube.com/watch?v=byur8pWXbFQ,PT3M37S,217,none,True,
target_channel,https://www.youtube.com/@example,cwCYqkcclxI,https://www.youtube.com/watch?v=cwCYqkcclxI,PT5M41S,341,none,True,
target_channel,https://www.youtube.com/@example,LBEs4w1e4dY,https://www.youtube.com/watch?v=LBEs4w1e4dY,PT3M29S,209,none,True,
target_channel,https://www.youtube.com/@example,8GOeT5O4nDk,https://www.youtube.com/watch?v=8GOeT5O4nDk,PT3M23S,203,none,True,
target_channel,https://www.youtube.com/@example,hW9daD96zvs,https://www.youtube.com/watch?v=hW9daD96zvs,PT4M20S,260,none,True,
target_channel,https://www.youtube.com/@example,iwYGi7YG4Js,https://www.youtube.com/watch?v=iwYGi7YG4Js,PT4M4S,244,none,True,
target_channel,https://www.youtube.com/@example,rnUk8QcE21s,https://www.youtube.com/watch?v=rnUk8QcE21s,PT3M9S,189,none,True,
target_channel,https://www.youtube.com/@example,_VDJcSpNbP4,https://www.youtube.com/watch?v=_VDJcSpNbP4,PT2M47S,167,none,False,short_like_duration
target_channel,https://www.youtube.com/@example,__tgCiBnrM4,https://www.youtube.com/watch?v=__tgCiBnrM4,PT3M8S,188,none,True,
target_channel,https://www.youtube.com/@example,5KRGT5i2YR0,https://www.youtube.com/watch?v=5KRGT5i2YR0,PT2M42S,162,none,False,short_like_duration
target_channel,https://www.youtube.com/@example,Q7puV9UWP6M,https://www.youtube.com/watch?v=Q7puV9UWP6M,PT1M54S,114,none,False,short_like_duration
target_channel,https://www.youtube.com/@example,ZfudBVrJbcg,https://www.youtube.com/watch?v=ZfudBVrJbcg,PT2M30S,150,none,False,short_like_duration
target_channel,https://www.youtube.com/@example,WSMAfah5Tdw,https://www.youtube.com/watch?v=WSMAfah5Tdw,PT3M45S,225,none,True,
target_channel,https://www.youtube.com/@example,l8CXuk0vZzg,https://www.youtube.com/watch?v=l8CXuk0vZzg,PT2M48S,168,none,False,short_like_duration
target_channel,https://www.youtube.com/@example,q40Qd6PHHrc,https://www.youtube.com/watch?v=q40Qd6PHHrc,PT3M39S,219,none,True,
target_channel,https://www.youtube.com/@example,ccwqGYvv44M,https://www.youtube.com/watch?v=ccwqGYvv44M,PT2M57S,177,none,False,short_like_duration
target_channel,https://www.youtube.com/@example,gn_ATXAc6c0,https://www.youtube.com/watch?v=gn_ATXAc6c0,PT3M27S,207,none,True,
target_channel,https://www.youtube.com/@example,MqrYZSMqDZY,https://www.youtube.com/watch?v=MqrYZSMqDZY,PT2M13S,133,none,False,short_like_duration
target_channel,https://www.youtube.com/@example,VHxo-hbwveA,https://www.youtube.com/watch?v=VHxo-hbwveA,PT1M48S,108,none,False,short_like_duration
target_channel,https://www.youtube.com/@example,sAlK_kxTI40,https://www.youtube.com/watch?v=sAlK_kxTI40,PT1M42S,102,none,False,short_like_duration
target_channel,https://www.youtube.com/@example,RF69gluCoMw,https://www.youtube.com/watch?v=RF69gluCoMw,PT3M20S,200,none,True,
target_channel,https://www.youtube.com/@example,MrTbux3Q3BQ,https://www.youtube.com/watch?v=MrTbux3Q3BQ,PT10M2S,602,none,True,
target_channel,https://www.youtube.com/@example,f5CcOq8UzkI,https://www.youtube.com/watch?v=f5CcOq8UzkI,PT3M31S,211,none,True,
